Items,Category
Games,entertainment
Video Games,entertainment
PlayStation Games,entertainment
Xbox Games,entertainment
Nintendo Games,entertainment
PC Games,entertainment
Mobile Games,entertainment
Online Game Subscriptions,entertainment
Board Games,entertainment
Classic Board Games,entertainment
Strategy Board Games,entertainment
Family Board Games,entertainment
Party Games,entertainment
Cooperative Games,entertainment
Card Games,entertainment
Collectible Card Games,entertainment
Deck Building Games,entertainment
Traditional Card Games,entertainment
Game Consoles,entertainment
PlayStation Console,entertainment
Xbox Console,entertainment
Nintendo Console,entertainment
Handheld Consoles,entertainment
Gaming Accessories,entertainment
Controllers,entertainment
Headsets,entertainment
Gaming Chairs,entertainment
VR Headsets,entertainment
Movies,entertainment
Cinema,entertainment
Movie Tickets,entertainment
IMAX Tickets,entertainment
3D Movie Tickets,entertainment
Premium Seats,entertainment
Online Rentals,entertainment
Digital Purchases,entertainment
DVDs,entertainment
Blu-rays,entertainment
Movie Subscriptions,entertainment
Netflix Subscription,entertainment
Hulu Subscription,entertainment
Amazon Prime Video Subscription,entertainment
Music,entertainment
Concerts,entertainment
Concert Tickets,entertainment
VIP Concert Packages,entertainment
Backstage Passes,entertainment
Digital Downloads,entertainment
MP3 Downloads,entertainment
Album Downloads,entertainment
Single Track Downloads,entertainment
Streaming Subscriptions,entertainment
Spotify Subscription,entertainment
Apple Music Subscription,entertainment
YouTube Music Subscription,entertainment
Tidal Subscription,entertainment
Vinyl Records,entertainment
CDs,entertainment
Music Equipment,entertainment
Musical Instruments,entertainment
Microphones,entertainment
Speakers,entertainment
Headphones,entertainment
Music Lessons,entertainment
Theater,entertainment
Play Tickets,entertainment
Musical Tickets,entertainment
Opera Tickets,entertainment
Ballet Tickets,entertainment
Season Passes,entertainment
Sporting Events,entertainment
Game Tickets,entertainment
Season Passes,entertainment
Stadium Tours,entertainment
Sports Merchandise,entertainment
Team Jerseys,entertainment
Team Hats,entertainment
Signed Memorabilia,entertainment
Streaming Services,entertainment
Video Streaming,entertainment
Netflix,entertainment
Hulu,entertainment
Disney+,entertainment
Amazon Prime Video,entertainment
Music Streaming,entertainment
Spotify,entertainment
Apple Music,entertainment
YouTube Music,entertainment
Tidal,entertainment
Podcast Subscriptions,entertainment
Audiobook Subscriptions,entertainment
Audible,entertainment
Books,entertainment
Physical Books,entertainment
E-books,entertainment
Audiobooks,entertainment
Book Club Fees,entertainment
Magazines,entertainment
Print Magazines,entertainment
Digital Magazines,entertainment
Theme Parks,entertainment
Entrance Fees,entertainment
Annual Passes,entertainment
In-Park Purchases,entertainment
Museums,entertainment
Admission Fees,entertainment
Memberships,entertainment
Special Exhibitions,entertainment
Art Exhibitions,entertainment
Gallery Tickets,entertainment
Art Fair Entries,entertainment
Exhibition Catalogs,entertainment
Festivals,entertainment
Music Festivals,entertainment
Food Festivals,entertainment
Film Festivals,entertainment
Cultural Festivals,entertainment
Nightclubs,entertainment
Entry Fees,entertainment
Table Reservations,entertainment
Drinks,entertainment
Food,entertainment
Bars,entertainment
Drinks,entertainment
Cover Charges,entertainment
Special Events,entertainment
Karaoke,entertainment
Room Rentals,entertainment
Song Purchases,entertainment
Food,entertainment
Drinks,entertainment
Escape Rooms,entertainment
Entry Fees,entertainment
Group Bookings,entertainment
Amusement Parks,entertainment
Ticket Prices,entertainment
Ride Passes,entertainment
Food,entertainment
Souvenirs,entertainment
Arcades,entertainment
Game Tokens,entertainment
Entry Fees,entertainment
Fairs,entertainment
Entry Fees,entertainment
Ride Tickets,entertainment
Game Booths,entertainment
Zoos,entertainment
Admission Fees,entertainment
Annual Memberships,entertainment
Aquariums,entertainment
Admission Fees,entertainment
Special Exhibits,entertainment
Stand-up Comedy,entertainment
Show Tickets,entertainment
Two-Drink Minimums,entertainment
Bowling,entertainment
Lane Rentals,entertainment
Shoe Rentals,entertainment
Food,entertainment
Drinks,entertainment
Mini Golf,entertainment
Course Fees,entertainment
Equipment Rentals,entertainment
Parties,entertainment
Event Tickets,entertainment
Refreshments,entertainment
Decorations,entertainment
Raves,entertainment
Entry Fees,entertainment
Merchandise,entertainment
Refreshments,entertainment
Dance Clubs,entertainment
Entry Fees,entertainment
DJ Performances,entertainment
VIP Packages,entertainment
Social Events,entertainment
Meetup Fees,entertainment
Networking Events,entertainment
Social Club Memberships,entertainment
Other Entertainment,entertainment
Circus Tickets,entertainment
Magic Shows,entertainment
Street Performances,entertainment
Virtual Reality Experiences,entertainment
Live-Action Role-Playing Events,entertainment
LARP Events,entertainment
Interactive Theater,entertainment
Puppet Shows,entertainment
Street Fairs,entertainment
Busking Performances,entertainment
Costume Rentals,entertainment
Themed Parties,entertainment
Trivia Nights,entertainment
Casino Nights,entertainment
Game Nights,entertainment
Billiards,entertainment
Ping Pong,entertainment
Darts,entertainment
Live Music Venues,entertainment
Jazz Clubs,entertainment
Piano Bars,entertainment
Open Mic Nights,entertainment
Karaoke Bars,entertainment
Supper Clubs,entertainment
Dinner Theaters,entertainment
Themed Restaurants,entertainment
Pop-Up Restaurants,entertainment
Food Tours,entertainment
Wine Tastings,entertainment
Brewery Tours,entertainment
Distillery Tours,entertainment
Culinary Classes,entertainment
Cooking Demonstrations,entertainment
Baking Classes,entertainment
Mixology Classes,entertainment
Food Festivals,entertainment
Chili Cook-Offs,entertainment
BBQ Competitions,entertainment
Food Truck Festivals,entertainment
Farmers Markets,entertainment
Cheese Tasting,entertainment
Chocolate Tasting,entertainment
Tea Tasting,entertainment
Coffee Tasting,entertainment
Food Pairing Dinners,entertainment
Chef’s Table Experiences,entertainment
Farm-to-Table Dinners,entertainment
Underground Supper Clubs,entertainment
Secret Restaurants,entertainment
Gastronomy Experiences,entertainment
Private Dining,entertainment
Interactive Cooking,entertainment
Cooking Parties,entertainment
Recipe Clubs,entertainment
Cooking Challenges,entertainment
Bake-Offs,entertainment
Food Challenges,entertainment
Eating Competitions,entertainment
Pie Eating Contests,entertainment
Hot Dog Eating Contests,entertainment
Spicy Food Challenges,entertainment
Novelty Food Experiences,entertainment
Molecular Gastronomy,entertainment
Food Science Demonstrations,entertainment
Experimental Cuisine,entertainment
Immersive Dining,entertainment
Sensory Dining,entertainment
Blind Dining,entertainment
Silent Dining,entertainment
Themed Dinners,entertainment
Medieval Feasts,entertainment
Murder Mystery Dinners,entertainment
Dinner Cruises,entertainment
Floating Restaurants,entertainment
Sky Dining,entertainment
Forest Dining,entertainment
Beach Dining,entertainment
Underground Dining,entertainment
Igloo Dining,entertainment
Treehouse Dining,entertainment
Cave Dining,entertainment
Cliffside Dining,entertainment
Mountain Dining,entertainment
Desert Dining,entertainment
Art and Crafts,entertainment
Painting Classes,entertainment
Sculpting Classes,entertainment
Pottery Classes,entertainment
Drawing Classes,entertainment
Calligraphy Classes,entertainment
Glass Blowing,entertainment
Mosaic Making,entertainment
Jewelry Making,entertainment
Textile Arts,entertainment
Weaving Classes,entertainment
Knitting Classes,entertainment
Crochet Classes,entertainment
Embroidery Classes,entertainment
Quilting Classes,entertainment
Fashion Design Classes,entertainment
Sewing Classes,entertainment
Pattern Making,entertainment
Costume Design,entertainment
Accessory Making,entertainment
Craft Workshops,entertainment
DIY Workshops,entertainment
Upcycling Workshops,entertainment
Home Décor Workshops,entertainment
Holiday Crafts,entertainment
Seasonal Crafts,entertainment
Flower Arranging,entertainment
Origami,entertainment
Scrapbooking,entertainment
Card Making,entertainment
Stamping,entertainment
Papercraft,entertainment
Model Building,entertainment
Miniature Building,entertainment
Dollhouse Making,entertainment
Toy Making,entertainment
Puzzle Making,entertainment
Board Game Design,entertainment
Model Trains,entertainment
Remote Control Models,entertainment
Drone Flying,entertainment
RC Car Racing,entertainment
Model Rocketry,entertainment
Kite Making,entertainment
Kite Flying,entertainment
Balloon Art,entertainment
Face Painting,entertainment
Body Painting,entertainment
Henna Art,entertainment
Temporary Tattoos,entertainment
Nail Art,entertainment
Makeup Artistry,entertainment
Costume Makeup,entertainment
Special Effects Makeup,entertainment
Wig Making,entertainment
Hair Styling,entertainment
Fashion Styling,entertainment
Personal Shopping,entertainment
Image Consulting,entertainment
Wardrobe Consulting,entertainment
Color Analysis,entertainment
Fashion Shows,entertainment
Fashion Week Events,entertainment
Designer Trunk Shows,entertainment
Fashion Exhibitions,entertainment
Vintage Clothing Fairs,entertainment
Antique Markets,entertainment
Flea Markets,entertainment
Collectible Shows,entertainment
Comic Conventions,entertainment
Fan Conventions,entertainment
Anime Conventions,entertainment
Gaming Conventions,entertainment
Cosplay Competitions,entertainment
Live Action Role-Playing,entertainment
Escape Room Challenges,entertainment
Murder Mystery Events,entertainment
Scavenger Hunts,entertainment
Treasure Hunts,entertainment
Puzzle Rooms,entertainment
Logic Games,entertainment
Strategy Games,entertainment
Trivia Games,entertainment
Quiz Nights,entertainment
Board Game Cafes,entertainment
Card Game Tournaments,entertainment
Chess Tournaments,entertainment
Go Tournaments,entertainment
Backgammon Tournaments,entertainment
Bridge Tournaments,entertainment
Scrabble Tournaments,entertainment
Monopoly Tournaments,entertainment
Risk Tournaments,entertainment
Settlers of Catan Tournaments,entertainment
Dungeons & Dragons,entertainment
Tabletop Role-Playing,entertainment
Warhammer,entertainment
Magic: The Gathering,entertainment
Pokemon TCG,entertainment
Yu-Gi-Oh! TCG,entertainment
Board Game Meetups,entertainment
Game Development Workshops,entertainment
Game Design Conferences,entertainment
Indie Game Showcases,entertainment
Retro Game Nights,entertainment
Pinball Tournaments,entertainment
Arcade Competitions,entertainment
High Score Challenges,entertainment
Esports Tournaments,entertainment
LAN Parties,entertainment
Gaming Conventions,entertainment
Speedrunning Events,entertainment
Game Jams,entertainment
Developer Meetups,entertainment
Beta Testing,entertainment
Playtesting Sessions,entertainment
Focus Groups,entertainment
Market Research Panels,entertainment
Consumer Testing,entertainment
Product Demos,entertainment
Launch Parties,entertainment
Release Events,entertainment
Fan Meetups,entertainment
Autograph Signings,entertainment
Photo Ops,entertainment
VIP Experiences,entertainment
Behind-the-Scenes Tours,entertainment
Studio Tours,entertainment
Set Visits,entertainment
Location Tours,entertainment
Theme Park Experiences,entertainment
Character Meet-and-Greets,entertainment
Parades,entertainment
Fireworks Shows,entertainment
Light Shows,entertainment
Nighttime Spectaculars,entertainment
Seasonal Events,entertainment
Holiday Parties,entertainment
New Year's Eve Celebrations,entertainment
Valentine's Day Events,entertainment
Easter Egg Hunts,entertainment
4th of July Celebrations,entertainment
Halloween Parties,entertainment
Christmas Events,entertainment
Hanukkah Celebrations,entertainment
Kwanzaa Events,entertainment
Diwali Festivals,entertainment
Chinese New Year Events,entertainment
Cultural Celebrations,entertainment
Heritage Festivals,entertainment
Historical Reenactments,entertainment
Living History Events,entertainment
Historical Tours,entertainment
Museum Nights,entertainment
Gallery Openings,entertainment
Art Walks,entertainment
Street Art Tours,entertainment
Public Art Installations,entertainment
Art Fairs,entertainment
Art Auctions,entertainment
Charity Auctions,entertainment
Fundraising Galas,entertainment
Black-Tie Events,entertainment
Masquerade Balls,entertainment
Themed Balls,entertainment
Charity Balls,entertainment
Corporate Events,entertainment
Team Building Events,entertainment
Company Retreats,entertainment
Networking Events,entertainment
Industry Conferences,entertainment
Trade Shows,entertainment
Product Launches,entertainment
Awards Ceremonies,entertainment
Banquets,entertainment
Corporate Parties,entertainment
Executive Dinners,entertainment
Investor Meetings,entertainment
Stakeholder Events,entertainment
Client Appreciation Events,entertainment
Customer Events,entertainment
User Conferences,entertainment
Sales Kickoffs,entertainment
Training Seminars,entertainment
Workshops,entertainment
Panels,entertainment
Roundtables,entertainment
Webinars,entertainment
Virtual Conferences,entertainment
Online Meetups,entertainment
Livestream Events,entertainment
Podcast Recordings,entertainment
Virtual Reality Events,entertainment
Augmented Reality Events,entertainment
Interactive Exhibits,entertainment
Tech Demos,entertainment
Innovation Showcases,entertainment
Startup Pitches,entertainment
Hackathons,entertainment
Coding Competitions,entertainment
Robotics Competitions,entertainment
Drone Races,entertainment
Tech Meetups,entertainment
Developer Conferences,entertainment
Gaming Conventions,entertainment
Anime Conventions,entertainment
Comic Conventions,entertainment
Fan Festivals,entertainment
Music Festivals,entertainment
Film Festivals,entertainment
Food Festivals,entertainment
Wine Festivals,entertainment
Beer Festivals,entertainment
Spirits Festivals,entertainment
Cultural Festivals,entertainment
Arts Festivals,entertainment
Craft Fairs,entertainment
Street Fairs,entertainment
County Fairs,entertainment
State Fairs,entertainment
Renaissance Fairs,entertainment
Medieval Festivals,entertainment
Viking Festivals,entertainment
Pirate Festivals,entertainment
Fantasy Festivals,entertainment
Science Fiction Festivals,entertainment
Historical Festivals,entertainment
Harvest Festivals,entertainment
Pumpkin Festivals,entertainment
Apple Festivals,entertainment
Chili Cook-Offs,entertainment
BBQ Competitions,entertainment
Food Truck Festivals,entertainment
Taco Festivals,entertainment
Pizza Festivals,entertainment
Burger Festivals,entertainment
Seafood Festivals,entertainment
Oyster Festivals,entertainment
Lobster Festivals,entertainment
Crab Festivals,entertainment
Shrimp Festivals,entertainment
Clam Festivals,entertainment
Crawfish Festivals,entertainment
Cajun Festivals,entertainment
Gumbo Festivals,entertainment
Jambalaya Festivals,entertainment
Fried Chicken Festivals,entertainment
Hot Dog Festivals,entertainment
Sausage Festivals,entertainment
Bratwurst Festivals,entertainment
Bacon Festivals,entertainment
BBQ Rib Festivals,entertainment
Steak Festivals,entertainment
Beef Festivals,entertainment
Pork Festivals,entertainment
Lamb Festivals,entertainment
Chicken Festivals,entertainment
Turkey Festivals,entertainment
Duck Festivals,entertainment
Game Meat Festivals,entertainment
Vegetarian Festivals,entertainment
Vegan Festivals,entertainment
Gluten-Free Festivals,entertainment
Allergen-Free Festivals,entertainment
,
Travel,travel
Flights,travel
Airline Tickets,travel
Flight Upgrades,travel
Baggage Fees,travel
Flight Insurance,travel
Hotels,travel
Hotel Accommodation,travel
Hotel Booking Fees,travel
Resort Fees,travel
Hotel Upgrades,travel
Hotel Amenities,travel
Hotel Parking,travel
Hotel Wi-Fi,travel
Hotel Breakfast,travel
Hotel Room Service,travel
Hotel Laundry Service,travel
Hotel Spa,travel
Car Rentals,travel
Car Rental Fees,travel
Car Rental Insurance,travel
Car Rental Upgrades,travel
Car Rental Fuel Charges,travel
Car Rental GPS Rental,travel
Car Rental Child Seat Rental,travel
Car Rental Additional Driver Fees,travel
Train Tickets,travel
Train Passes,travel
Train Upgrades,travel
Train Food and Beverage,travel
Train Wi-Fi,travel
Train Amenities,travel
Train Insurance,travel
Bus Tickets,travel
Bus Passes,travel
Bus Upgrades,travel
Bus Food and Beverage,travel
Bus Wi-Fi,travel
Bus Amenities,travel
Bus Insurance,travel
Cruise,travel
Cruise Tickets,travel
Cruise Upgrades,travel
Cruise Excursions,travel
Cruise Alcohol Packages,travel
Cruise Wi-Fi,travel
Cruise Spa,travel
Cruise Casino,travel
Cruise Souvenirs,travel
Cruise Insurance,travel
Tours,travel
Guided Tours,travel
Sightseeing Tours,travel
Adventure Tours,travel
Cultural Tours,travel
Historical Tours,travel
Food Tours,travel
Wine Tours,travel
Brewery Tours,travel
Distillery Tours,travel
Walking Tours,travel
Hiking Tours,travel
Cycling Tours,travel
Segway Tours,travel
Tuk-Tuk Tours,travel
Safari Tours,travel
Jungle Tours,travel
Desert Tours,travel
Mountain Tours,travel
River Tours,travel
Boat Tours,travel
Kayak Tours,travel
Canoe Tours,travel
Snorkeling Tours,travel
Scuba Diving Tours,travel
Fishing Tours,travel
Whale Watching Tours,travel
Dolphin Watching Tours,travel
Bird Watching Tours,travel
Wildlife Tours,travel
Nature Tours,travel
Eco Tours,travel
Volunteer Tours,travel
Photography Tours,travel
Film Tours,travel
TV Show Tours,travel
Movie Tours,travel
Literary Tours,travel
Art Tours,travel
Architecture Tours,travel
Fashion Tours,travel
Shopping Tours,travel
Market Tours,travel
Christmas Market Tours,travel
Festival Tours,travel
Event Tours,travel
Concert Tours,travel
Sports Tours,travel
Stadium Tours,travel
Museum Tours,travel
Gallery Tours,travel
Art Studio Tours,travel
Workshop Tours,travel
Cooking Classes,travel
Cooking Tours,travel
Culinary Tours,travel
Wine Tasting Classes,travel
Wine Tasting Tours,travel
Cooking Vacations,travel
Culinary Vacations,travel
Wine Vacations,travel
Adventure Activities,travel
Skiing,travel
Snowboarding,travel
Snowmobiling,travel
Dog Sledding,travel
Ice Skating,travel
Snowshoeing,travel
Ice Climbing,travel
Ice Fishing,travel
Sledding,travel
Tobogganing,travel
Bobsledding,travel
Skeleton,travel
Curling,travel
Cross-Country Skiing,travel
Horseback Riding,travel
Camel Riding,travel
Elephant Riding,travel
Hiking,travel
Trekking,travel
Backpacking,travel
Camping,travel
Glamping,travel
Survival Training,travel
Mountaineering,travel
Rock Climbing,travel
Bouldering,travel
Canyoning,travel
Caving,travel
Rafting,travel
White Water Rafting,travel
Kayaking,travel
Canoeing,travel
Paddleboarding,travel
Surfing,travel
Windsurfing,travel
Kitesurfing,travel
Parasailing,travel
Paragliding,travel
Hang Gliding,travel
Skydiving,travel
Bungee Jumping,travel
Base Jumping,travel
Zip Lining,travel
Zorbing,travel
Jet Skiing,travel
Water Skiing,travel
Wakeboarding,travel
Tubing,travel
Snorkeling,travel
Scuba Diving,travel
Free Diving,travel
Freediving,travel
Apnea,travel
Spearfishing,travel
Shark Cage Diving,travel
Whale Watching,travel
Dolphin Watching,travel
Bird Watching,travel
Wildlife Watching,travel
Safari,travel
Safari Tours,travel
Game Drives,travel
Safari Lodges,travel
Wilderness Camping,travel
Wildlife Photography,travel
Eco Tourism,travel
Eco Lodges,travel
Nature Reserves,travel
National Parks,travel
Conservation Projects,travel
Animal Sanctuaries,travel
Marine Reserves,travel
Ecotourism Tours,travel
Volunteer Vacations,travel
Gap Year,travel
Work Abroad,travel
Work Exchange,travel
Study Abroad,travel
Language Immersion,travel
Internships,travel
Au Pair,travel
Teaching Abroad,travel
Travel Insurance,travel
Travel Health Insurance,travel
Trip Cancellation Insurance,travel
Trip Interruption Insurance,travel
Baggage Insurance,travel
Emergency Evacuation Insurance,travel
Travel Medical Insurance,travel
Adventure Sports Insurance,travel
Evacuation Coverage,travel
Repatriation Insurance,travel
Group Travel Insurance,travel
Annual Travel Insurance,travel
Single Trip Insurance,travel
Multi-Trip Insurance,travel
Business Travel Insurance,travel
Student Travel Insurance,travel
Senior Travel Insurance,travel
Family Travel Insurance,travel
Cruise Travel Insurance,travel
International Travel Insurance,travel
Domestic Travel Insurance,travel
Travel Rewards Programs,travel
Frequent Flyer Programs,travel
Airline Loyalty Programs,travel
Hotel Loyalty Programs,travel
Credit Card Rewards,travel
Travel Credit Cards,travel
Points Programs,travel
Miles Programs,travel
Hotel Points,travel
Airline Miles,travel
Car Rental Points,travel
Travel Discounts,travel
Travel Deals,travel
Vacation Packages,travel
Last Minute Deals,travel
All-Inclusive Packages,travel
Group Tours,travel
Group Discounts,travel
Family Discounts,travel
Student Discounts,travel
Senior Discounts,travel
Military Discounts,travel
Corporate Discounts,travel
Travel Agency Fees,travel
Booking Fees,travel
Consultation Fees,travel
Itinerary Planning Fees,travel
Travel Agent Commissions,travel
Concierge Fees,travel
Travel Planning Services,travel
Travel Advisors,travel
Travel Consultants,travel
Destination Management Companies,travel
Tour Operators,travel
Travel Agents,travel
Online Travel Agencies,travel
Travel Websites,travel
Travel Apps,travel
Travel Guides,travel
Travel Blogs,travel
Travel Vlogs,travel
Travel Forums,travel
Travel Podcasts,travel
Travel Books,travel
Travel Magazines,travel
Travel TV Shows,travel
Travel Document Fees,travel
Passport Fees,travel
Visa Fees,travel
Tourist Visa Fees,travel
Business Visa Fees,travel
Student Visa Fees,travel
Work Visa Fees,travel
Residence Permit Fees,travel
Travel Permit Fees,travel
Entry Fees,travel
National Park Fees,travel
Museum Fees,travel
Attraction Fees,travel
Historical Site Fees,travel
Monument Fees,travel
Archaeological Site Fees,travel
Cultural Site Fees,travel
Tourist Attraction Fees,travel
Entertainment Fees,travel
Event Fees,travel
Concert Tickets,travel
Theater Tickets,travel
Museum Tickets,travel
Theme Park Tickets,travel
Amusement Park Tickets,travel
Fair Tickets,travel
Festival Tickets,travel
Event Tickets,travel
Sporting Event Tickets,travel
Game Tickets,travel
Concert Tickets,travel
Theater Tickets,travel
Opera Tickets,travel
Ballet Tickets,travel
Comedy Show Tickets,travel
Musical Tickets,travel
Dance Show Tickets,travel
Magic Show Tickets,travel
Circus Tickets,travel
Variety Show Tickets,travel
Cabaret Tickets,travel
Performance Art Tickets,travel
Street Performance Tips,travel
Street Performance Donations,travel
Live Music Tips,travel
Live Music Donations,travel
Live Music Cover Charges,travel
Live Music Drinks Minimums,travel
Live Music Merchandise,travel
Live Music VIP Packages,travel
Nightclub Entry Fees,travel
Nightclub Table Reservations,travel
Nightclub Drinks,travel
Nightclub Bottle Service,travel
Nightclub VIP Packages,travel
Nightclub Party Packages,travel
Bar Cover Charges,travel
Bar Drinks,travel
Bar Food,travel
Bar Merchandise,travel
Bar Pub Crawls,travel
Karaoke Room Rentals,travel
Karaoke Song Purchases,travel
Karaoke Drinks,travel
Karaoke Food,travel
Karaoke Tips,travel
Karaoke Donations,travel
Escape Room Entry Fees,travel
Escape Room Group Bookings,travel
Escape Room Clues,travel
Escape Room Merchandise,travel
Escape Room Tips,travel
Escape Room Donations,travel
Escape Room Donations,travel
Escape Room Tips,travel
Escape Room Merchandise,travel
Escape Room Drinks,travel
Escape Room Food,travel
Escape Room Clues,travel
Escape Room Group Bookings,travel
Escape Room Entry Fees,travel
Escape Room Tips,travel
Escape Room Donations,travel
Escape Room Merchandise,travel
Escape Room Drinks,travel
Escape Room Food,travel
Escape Room Clues,travel
Escape Room Group Bookings,travel
Escape Room Entry Fees,travel
Airline Ticket,travel
Hotel Stay,travel
Taxi Fare,travel
Dinner,travel
Broadway Show,travel
Airline Ticket,travel
Hotel Stay,travel
Car Rental,travel
Meal,travel
Train Ticket,travel
Bus Fare,travel
Luggage,travel
Travel Insurance,travel
Car Hire,travel
Cab,travel
Supper,travel
Concert,travel
Flight,travel
Accommodation,travel
Vehicle Hire,travel
Lunch,travel
Sightseeing,travel
Boat Ride,travel
Subway Ticket,travel
Metro Ticket,travel
Cruise,travel
Excursion,travel
Baggage,travel
Airport Transfer,travel
Rental Car,travel
Brunch,travel
Opera Ticket,travel
Journey,travel
Voyage,travel
Cabin,travel
Ticket,travel
Resort,travel
Public Transport,travel
Ferry,travel
Boat,travel
Train,travel
Tram,travel
Gondola,travel
Hostel,travel
Lodge,travel
Guesthouse,travel
Inn,travel
Flight Insurance,travel
Passport Fee,travel
Visa Fee,travel
Road Trip,travel
Road,travel
Cycling,travel
Hiking,travel
Excursion Ticket,travel
Camping,travel
Guided Tour,travel
Holiday Package,travel
Tourist Attraction,travel
Amusement Park,travel
Park Ticket,travel
Museum Entry,travel
Museum,travel
Zoo,travel
Aquarium,travel
Adventure Park,travel
National Park,travel
State Park,travel
City Tour,travel
Mountain Climb,travel
Trek,travel
Travel Gear,travel
Travel Kit,travel
Vacation,travel
Holiday,travel
Break,travel
Getaway,travel
Journey Plan,travel
Tour Guide,travel
Travel Agent,travel
Travel Agency,travel
Itinerary,travel
Travel Document,travel
Travel Pass,travel
Rail Pass,travel
Tour Pass,travel
Travel Voucher,travel
Travel Permit,travel
Entry Permit,travel
Customs Fee,travel
Duty Fee,travel
Departure Fee,travel
Arrival Fee,travel
Port Fee,travel
Landing Fee,travel
Travel Card,travel
Tour Card,travel
Tourist Card,travel
Tourist Visa,travel
Work Visa,travel
Student Visa,travel
Visitor Visa,travel
Transit Visa,travel
Transit Permit,travel
Airport Tax,travel
City Tax,travel
Tourist Tax,travel
Climate Fee,travel
Eco Tax,travel
Eco Fee,travel
Sustainable Fee,travel
Conservation Fee,travel
Park Fee,travel
Heritage Fee,travel
Travel Loan,travel
Travel Discount,travel
Travel Credit,travel
Travel Deal,travel
Travel Offer,travel
Travel Bargain,travel
Travel Package,travel
All-Inclusive,travel
Tour Deal,travel
Tour Package,travel
Tour Offer,travel
Tour Discount,travel
Travel Booking,travel
Tour Booking,travel
Reservation,travel
Travel Reservation,travel
Tour Reservation,travel
Accommodation Booking,travel
Accommodation Reservation,travel
Stay Booking,travel
Stay Reservation,travel
Hotel Booking,travel
Hotel Reservation,travel
Motel Booking,travel
Motel Reservation,travel
B&B Booking,travel
B&B Reservation,travel
Hostel Booking,travel
Hostel Reservation,travel
Lodge Booking,travel
Lodge Reservation,travel
Guesthouse Booking,travel
Guesthouse Reservation,travel
Inn Booking,travel
Inn Reservation,travel
Flight Booking,travel
Flight Reservation,travel
Plane Booking,travel
Plane Reservation,travel
Airline Booking,travel
Airline Reservation,travel
Train Booking,travel
Train Reservation,travel
Rail Booking,travel
Rail Reservation,travel
Bus Booking,travel
Bus Reservation,travel
Coach Booking,travel
Coach Reservation,travel
Taxi Booking,travel
Taxi Reservation,travel
Cab Booking,travel
Cab Reservation,travel
Ride Booking,travel
Ride Reservation,travel
Car Booking,travel
Car Reservation,travel
Rental Booking,travel
Rental Reservation,travel
Hire Booking,travel
Hire Reservation,travel
Charter Booking,travel
Charter Reservation,travel
Cruise Booking,travel
Cruise Reservation,travel
Sailing Booking,travel
Sailing Reservation,travel
Ferry Booking,travel
Ferry Reservation,travel
Boat Booking,travel
Boat Reservation,travel
Ship Booking,travel
Ship Reservation,travel
Voyage Booking,travel
Voyage Reservation,travel
Trip Booking,travel
Trip Reservation,travel
Journey Booking,travel
Journey Reservation,travel
Adventure Booking,travel
Adventure Reservation,travel
Expedition Booking,travel
Expedition Reservation,travel
Safari Booking,travel
Safari Reservation,travel
Tour Booking,travel
Tour Reservation,travel
Excursion Booking,travel
Excursion Reservation,travel
Expedition Booking,travel
Expedition Reservation,travel
Trek Booking,travel
Trek Reservation,travel
Hike Booking,travel
Hike Reservation,travel
Climb Booking,travel
Climb Reservation,travel
Camp Booking,travel
Camp Reservation,travel
Holiday Booking,travel
Holiday Reservation,travel
Vacation Booking,travel
Vacation Reservation,travel
Stay Booking,travel
Stay Reservation,travel
Overnight Booking,travel
Overnight Reservation,travel
Weekend Booking,travel
Weekend Reservation,travel
Week Booking,travel
Week Reservation,travel
Month Booking,travel
Month Reservation,travel
Season Booking,travel
Season Reservation,travel
Travel Plan,travel
Tour Plan,travel
Holiday Plan,travel
Vacation Plan,travel
Stay Plan,travel
Trip Plan,travel
Journey Plan,travel
Itinerary Plan,travel
Route Plan,travel
Route Booking,travel
Route Reservation,travel
Route Plan,travel
Travel Route,travel
Tour Route,travel
Holiday Route,travel
Vacation Route,travel
Stay Route,travel
Trip Route,travel
Journey Route,travel
Itinerary Route,travel
Route Plan,travel
Travel Destination,travel
Tour Destination,travel
Holiday Destination,travel
Vacation Destination,travel
Stay Destination,travel
Trip Destination,travel
Journey Destination,travel
Itinerary Destination,travel
Route Destination,travel
Travel Spot,travel
Tour Spot,travel
Holiday Spot,travel
Vacation Spot,travel
Stay Spot,travel
Trip Spot,travel
Journey Spot,travel
Itinerary Spot,travel
Route Spot,travel
Travel Place,travel
Tour Place,travel
Holiday Place,travel
Vacation Place,travel
Stay Place,travel
Trip Place,travel
Journey Place,travel
Itinerary Place,travel
Route Place,travel
Travel Location,travel
Tour Location,travel
Holiday Location,travel
Vacation Location,travel
Stay Location,travel
Trip Location,travel
Journey Location,travel
Itinerary Location,travel
Route Location,travel
Travel Area,travel
Tour Area,travel
Holiday Area,travel
Vacation Area,travel
Stay Area,travel
Trip Area,travel
Journey Area,travel
Itinerary Area,travel
Route Area,travel
Travel Region,travel
Tour Region,travel
Holiday Region,travel
Vacation Region,travel
Stay Region,travel
Trip Region,travel
Journey Region,travel
Itinerary Region,travel
Route Region,travel
Travel Zone,travel
Tour Zone,travel
Holiday Zone,travel
Vacation Zone,travel
Stay Zone,travel
Trip Zone,travel
Journey Zone,travel
Itinerary Zone,travel
Route Zone,travel
Travel Locale,travel
Tour Locale,travel
Holiday Locale,travel
Vacation Locale,travel
Stay Locale,travel
Trip Locale,travel
Journey Locale,travel
Itinerary Locale,travel
Route Locale,travel
Travel Territory,travel
Tour Territory,travel
Holiday Territory,travel
Vacation Territory,travel
Stay Territory,travel
Trip Territory,travel
Journey Territory,travel
Itinerary Territory,travel
Route Territory,travel
Travel Site,travel
Tour Site,travel
Holiday Site,travel
Vacation Site,travel
Stay Site,travel
Trip Site,travel
Journey Site,travel
Itinerary Site,travel
Route Site,travel
Travel Land,travel
Tour Land,travel
Holiday Land,travel
Vacation Land,travel
Stay Land,travel
Trip Land,travel
Journey Land,travel
Itinerary Land,travel
Route Land,travel
Travel Terrain,travel
Tour Terrain,travel
Holiday Terrain,travel
Vacation Terrain,travel
Stay Terrain,travel
Trip Terrain,travel
Journey Terrain,travel
Itinerary Terrain,travel
Route Terrain,travel
Travel Province,travel
Tour Province,travel
Holiday Province,travel
Vacation Province,travel
Stay Province,travel
Trip Province,travel
Journey Province,travel
Itinerary Province,travel
Route Province,travel
Travel District,travel
Tour District,travel
Holiday District,travel
Vacation District,travel
Stay District,travel
Trip District,travel
Journey District,travel
Itinerary District,travel
Route District,travel
Travel Region,travel
Tour Region,travel
Holiday Region,travel
Vacation Region,travel
Stay Region,travel
Trip Region,travel
Journey Region,travel
Itinerary Region,travel
Route Region,travel
Travel Sector,travel
Tour Sector,travel
Holiday Sector,travel
Vacation Sector,travel
Stay Sector,travel
Trip Sector,travel
Journey Sector,travel
Itinerary Sector,travel
Route Sector,travel
Travel Field,travel
Tour Field,travel
Holiday Field,travel
Vacation Field,travel
Stay Field,travel
Trip Field,travel
Journey Field,travel
Itinerary Field,travel
Route Field,travel
Travel Zone,travel
Tour Zone,travel
Holiday Zone,travel
Vacation Zone,travel
Stay Zone,travel
Trip Zone,travel
Journey Zone,travel
Itinerary Zone,travel
Route Zone,travel
Travel Circle,travel
Tour Circle,travel
Holiday Circle,travel
Vacation Circle,travel
Stay Circle,travel
Trip Circle,travel
Journey Circle,travel
Itinerary Circle,travel
Route Circle,travel
Travel Ring,travel
Tour Ring,travel
Holiday Ring,travel
Vacation Ring,travel
Stay Ring,travel
Trip Ring,travel
Journey Ring,travel
Itinerary Ring,travel
Route Ring,travel
Travel Domain,travel
Tour Domain,travel
Holiday Domain,travel
Vacation Domain,travel
Stay Domain,travel
Trip Domain,travel
Journey Domain,travel
Itinerary Domain,travel
Route Domain,travel
Travel Area,travel
Tour Area,travel
Holiday Area,travel
Vacation Area,travel
Stay Area,travel
Trip Area,travel
Journey Area,travel
Itinerary Area,travel
Route Area,travel
Travel Point,travel
Tour Point,travel
Holiday Point,travel
Vacation Point,travel
Stay Point,travel
Trip Point,travel
Journey Point,travel
Itinerary Point,travel
Route Point,travel
Travel Stop,travel
Tour Stop,travel
Holiday Stop,travel
Vacation Stop,travel
Stay Stop,travel
Trip Stop,travel
Journey Stop,travel
Itinerary Stop,travel
Route Stop,travel
Travel Post,travel
Tour Post,travel
Holiday Post,travel
Vacation Post,travel
Stay Post,travel
Trip Post,travel
Journey Post,travel
Itinerary Post,travel
Route Post,travel
Travel Marker,travel
Tour Marker,travel
Holiday Marker,travel
Vacation Marker,travel
Stay Marker,travel
Trip Marker,travel
Journey Marker,travel
Itinerary Marker,travel
Route Marker,travel
Travel Spot,travel
Tour Spot,travel
Holiday Spot,travel
Vacation Spot,travel
Stay Spot,travel
Trip Spot,travel
Journey Spot,travel
Itinerary Spot,travel
Route Spot,travel
Travel Destination,travel
Tour Destination,travel
Holiday Destination,travel
Vacation Destination,travel
Stay Destination,travel
Trip Destination,travel
Journey Destination,travel
Itinerary Destination,travel
Route Destination,travel
Travel Address,travel
Tour Address,travel
Holiday Address,travel
Vacation Address,travel
Stay Address,travel
Trip Address,travel
Journey Address,travel
Itinerary Address,travel
Route Address,travel
Travel Landmark,travel
Tour Landmark,travel
Holiday Landmark,travel
Vacation Landmark,travel
Stay Landmark,travel
Trip Landmark,travel
Journey Landmark,travel
Itinerary Landmark,travel
Route Landmark,travel
Travel Sight,travel
Tour Sight,travel
Holiday Sight,travel
Vacation Sight,travel
Stay Sight,travel
Trip Sight,travel
Journey Sight,travel
Itinerary Sight,travel
Route Sight,travel
Travel Guide,travel
Tour Guide,travel
Holiday Guide,travel
Vacation Guide,travel
Stay Guide,travel
Trip Guide,travel
Journey Guide,travel
Itinerary Guide,travel
Route Guide,travel
Travel Book,travel
Tour Book,travel
Holiday Book,travel
Vacation Book,travel
Stay Book,travel
Trip Book,travel
Journey Book,travel
Itinerary Book,travel
Route Book,travel
Travel Document,travel
Tour Document,travel
Holiday Document,travel
Vacation Document,travel
Stay Document,travel
Trip Document,travel
Journey Document,travel
Itinerary Document,travel
Route Document,travel
Travel Manual,travel
Tour Manual,travel
Holiday Manual,travel
Vacation Manual,travel
Stay Manual,travel
Trip Manual,travel
Journey Manual,travel
Itinerary Manual,travel
Route Manual,travel
Travel File,travel
Tour File,travel
Holiday File,travel
Vacation File,travel
Stay File,travel
Trip File,travel
Journey File,travel
Itinerary File,travel
Route File,travel
Travel Paper,travel
Tour Paper,travel
Holiday Paper,travel
Vacation Paper,travel
Stay Paper,travel
Trip Paper,travel
Journey Paper,travel
Itinerary Paper,travel
Route Paper,travel
Travel Script,travel
Tour Script,travel
Holiday Script,travel
Vacation Script,travel
Stay Script,travel
Trip Script,travel
Journey Script,travel
Itinerary Script,travel
Route Script,travel
Travel Note,travel
Tour Note,travel
Holiday Note,travel
Vacation Note,travel
Stay Note,travel
Trip Note,travel
Journey Note,travel
Itinerary Note,travel
Route Note,travel
Travel Record,travel
Tour Record,travel
Holiday Record,travel
Vacation Record,travel
Stay Record,travel
Trip Record,travel
Journey Record,travel
Itinerary Record,travel
Route Record,travel
Travel Journal,travel
Tour Journal,travel
Holiday Journal,travel
Vacation Journal,travel
Stay Journal,travel
Trip Journal,travel
Journey Journal,travel
Itinerary Journal,travel
Route Journal,travel
Travel Diary,travel
Tour Diary,travel
Holiday Diary,travel
Vacation Diary,travel
Stay Diary,travel
Trip Diary,travel
Journey Diary,travel
Itinerary Diary,travel
Route Diary,travel
Travel Log,travel
Tour Log,travel
Holiday Log,travel
Vacation Log,travel
Stay Log,travel
Trip Log,travel
Journey Log,travel
Itinerary Log,travel
Route Log,travel
Travel Register,travel
Tour Register,travel
Holiday Register,travel
Vacation Register,travel
Stay Register,travel
Trip Register,travel
Journey Register,travel
Itinerary Register,travel
Route Register,travel
Travel Ledger,travel
Tour Ledger,travel
Holiday Ledger,travel
Vacation Ledger,travel
Stay Ledger,travel
Trip Ledger,travel
Journey Ledger,travel
Itinerary Ledger,travel
Route Ledger,travel
Travel Entry,travel
Tour Entry,travel
Holiday Entry,travel
Vacation Entry,travel
Stay Entry,travel
Trip Entry,travel
Journey Entry,travel
Itinerary Entry,travel
Route Entry,travel
Travel Record,travel
Tour Record,travel
Holiday Record,travel
Vacation Record,travel
Stay Record,travel
Trip Record,travel
Journey Record,travel
Itinerary Record,travel
Route Record,travel
Travel Report,travel
Tour Report,travel
Holiday Report,travel
Vacation Report,travel
Stay Report,travel
Trip Report,travel
Journey Report,travel
Itinerary Report,travel
Route Report,travel
Travel Memorandum,travel
Tour Memorandum,travel
Holiday Memorandum,travel
Vacation Memorandum,travel
Stay Memorandum,travel
Trip Memorandum,travel
Journey Memorandum,travel
Itinerary Memorandum,travel
Route Memorandum,travel
Travel Account,travel
Tour Account,travel
Holiday Account,travel
Vacation Account,travel
Stay Account,travel
Trip Account,travel
Journey Account,travel
Itinerary Account,travel
Route Account,travel
Travel Narrative,travel
Tour Narrative,travel
Holiday Narrative,travel
Vacation Narrative,travel
Stay Narrative,travel
Trip Narrative,travel
Journey Narrative,travel
Itinerary Narrative,travel
Route Narrative,travel
Travel Story,travel
Tour Story,travel
Holiday Story,travel
Vacation Story,travel
Stay Story,travel
Trip Story,travel
Journey Story,travel
Itinerary Story,travel
Route Story,travel
Travel Tale,travel
Tour Tale,travel
Holiday Tale,travel
Vacation Tale,travel
Stay Tale,travel
Trip Tale,travel
Journey Tale,travel
Itinerary Tale,travel
Route Tale,travel
Travel Chronicle,travel
Tour Chronicle,travel
Holiday Chronicle,travel
Vacation Chronicle,travel
Stay Chronicle,travel
Trip Chronicle,travel
Journey Chronicle,travel
Itinerary Chronicle,travel
Route Chronicle,travel
Travel Recital,travel
Tour Recital,travel
Holiday Recital,travel
Vacation Recital,travel
Stay Recital,travel
Trip Recital,travel
Journey Recital,travel
Itinerary Recital,travel
Route Recital,travel
Travel Record,travel
Tour Record,travel
Holiday Record,travel
Vacation Record,travel
Stay Record,travel
Trip Record,travel
Journey Record,travel
Itinerary Record,travel
Route Record,travel
Travel Journal,travel
Tour Journal,travel
Holiday Journal,travel
Vacation Journal,travel
Stay Journal,travel
Trip Journal,travel
Journey Journal,travel
Itinerary Journal,travel
Route Journal,travel
Travel Diary,travel
Tour Diary,travel
Holiday Diary,travel
Vacation Diary,travel
Stay Diary,travel
Trip Diary,travel
Journey Diary,travel
Itinerary Diary,travel
Route Diary,travel
Travel Logbook,travel
Tour Logbook,travel
Holiday Logbook,travel
Vacation Logbook,travel
Stay Logbook,travel
Trip Logbook,travel
Journey Logbook,travel
Itinerary Logbook,travel
Route Logbook,travel
Travel Yearbook,travel
Tour Yearbook,travel
Holiday Yearbook,travel
Vacation Yearbook,travel
Stay Yearbook,travel
Trip Yearbook,travel
Journey Yearbook,travel
Itinerary Yearbook,travel
Route Yearbook,travel
Travel Ledger,travel
Tour Ledger,travel
Holiday Ledger,travel
Vacation Ledger,travel
Stay Ledger,travel
Trip Ledger,travel
Journey Ledger,travel
Itinerary Ledger,travel
Route Ledger,travel
Travel Register,travel
Tour Register,travel
Holiday Register,travel
Vacation Register,travel
Stay Register,travel
Trip Register,travel
Journey Register,travel
Itinerary Register,travel
Route Register,travel
Travel Spreadsheet,travel
Tour Spreadsheet,travel
Holiday Spreadsheet,travel
Vacation Spreadsheet,travel
Stay Spreadsheet,travel
Trip Spreadsheet,travel
Journey Spreadsheet,travel
Itinerary Spreadsheet,travel
Route Spreadsheet,travel
Travel Data,travel
Tour Data,travel
Holiday Data,travel
Vacation Data,travel
Stay Data,travel
Trip Data,travel
Journey Data,travel
Itinerary Data,travel
Route Data,travel
Travel Record,travel
Tour Record,travel
Holiday Record,travel
Vacation Record,travel
Stay Record,travel
Trip Record,travel
Journey Record,travel
Itinerary Record,travel
Route Record,travel
Travel History,travel
Tour History,travel
Holiday History,travel
Vacation History,travel
Stay History,travel
Trip History,travel
Journey History,travel
Itinerary History,travel
Route History,travel
Travel Archives,travel
Tour Archives,travel
Holiday Archives,travel
Vacation Archives,travel
Stay Archives,travel
Trip Archives,travel
Journey Archives,travel
Itinerary Archives,travel
Route Archives,travel
Travel Collection,travel
Tour Collection,travel
Holiday Collection,travel
Vacation Collection,travel
Stay Collection,travel
Trip Collection,travel
Journey Collection,travel
Itinerary Collection,travel
Route Collection,travel
Travel Anthology,travel
Tour Anthology,travel
Holiday Anthology,travel
Vacation Anthology,travel
Stay Anthology,travel
Trip Anthology,travel
Journey Anthology,travel
Itinerary Anthology,travel
Route Anthology,travel
Travel Portfolio,travel
Tour Portfolio,travel
Holiday Portfolio,travel
Vacation Portfolio,travel
Stay Portfolio,travel
Trip Portfolio,travel
Journey Portfolio,travel
Itinerary Portfolio,travel
Route Portfolio,travel
Travel Compilation,travel
Tour Compilation,travel
Holiday Compilation,travel
Vacation Compilation,travel
Stay Compilation,travel
Trip Compilation,travel
Journey Compilation,travel
Itinerary Compilation,travel
Route Compilation,travel
Travel Digest,travel
Tour Digest,travel
Holiday Digest,travel
Vacation Digest,travel
Stay Digest,travel
Trip Digest,travel
Journey Digest,travel
Itinerary Digest,travel
Route Digest,travel
Travel Collection,travel
Tour Collection,travel
Holiday Collection,travel
Vacation Collection,travel
Stay Collection,travel
Trip Collection,travel
Journey Collection,travel
Itinerary Collection,travel
Route Collection,travel
Travel Set,travel
Tour Set,travel
Holiday Set,travel
Vacation Set,travel
Stay Set,travel
Trip Set,travel
Journey Set,travel
Itinerary Set,travel
Route Set,travel
Travel Batch,travel
Tour Batch,travel
Holiday Batch,travel
Vacation Batch,travel
Stay Batch,travel
Trip Batch,travel
Journey Batch,travel
Itinerary Batch,travel
Route Batch,travel
Travel Pack,travel
Tour Pack,travel
Holiday Pack,travel
Vacation Pack,travel
Stay Pack,travel
Trip Pack,travel
Journey Pack,travel
Itinerary Pack,travel
Route Pack,travel
Travel Bundle,travel
Tour Bundle,travel
Holiday Bundle,travel
Vacation Bundle,travel
Stay Bundle,travel
Trip Bundle,travel
Journey Bundle,travel
Itinerary Bundle,travel
Route Bundle,travel
Travel Assortment,travel
Tour Assortment,travel
Holiday Assortment,travel
Vacation Assortment,travel
Stay Assortment,travel
Trip Assortment,travel
Journey Assortment,travel
Itinerary Assortment,travel
Route Assortment,travel
Travel Range,travel
Tour Range,travel
Holiday Range,travel
Vacation Range,travel
Stay Range,travel
Trip Range,travel
Journey Range,travel
Itinerary Range,travel
Route Range,travel
Travel Variety,travel
Tour Variety,travel
Holiday Variety,travel
Vacation Variety,travel
Stay Variety,travel
Trip Variety,travel
Journey Variety,travel
Itinerary Variety,travel
Route Variety,travel
Travel Series,travel
Tour Series,travel
Holiday Series,travel
Vacation Series,travel
Stay Series,travel
Trip Series,travel
Journey Series,travel
Itinerary Series,travel
Route Series,travel
Travel Sequence,travel
Tour Sequence,travel
Holiday Sequence,travel
Vacation Sequence,travel
Stay Sequence,travel
Trip Sequence,travel
Journey Sequence,travel
Itinerary Sequence,travel
Route Sequence,travel
Travel Collection,travel
Tour Collection,travel
Holiday Collection,travel
Vacation Collection,travel
Stay Collection,travel
Trip Collection,travel
Journey Collection,travel
Itinerary Collection,travel
Route Collection,travel
Travel Gallery,travel
Tour Gallery,travel
Holiday Gallery,travel
Vacation Gallery,travel
Stay Gallery,travel
Trip Gallery,travel
Journey Gallery,travel
Itinerary Gallery,travel
Route Gallery,travel
Travel Inventory,travel
Tour Inventory,travel
Holiday Inventory,travel
Vacation Inventory,travel
Stay Inventory,travel
Trip Inventory,travel
Journey Inventory,travel
Movie,entertainment
Concert,entertainment
Theater,entertainment
Play,entertainment
Musical,entertainment
Live Performance,entertainment
Comedy Show,entertainment
Drama,entertainment
Stage Show,entertainment
Cinema,entertainment
Film,entertainment
Documentary,entertainment
TV Show,entertainment
Series,entertainment
Episode,entertainment
Premiere,entertainment
Screening,entertainment
Red Carpet,entertainment
Celebrity,entertainment
Star,entertainment
Actor,entertainment
Actress,entertainment
Director,entertainment
Producer,entertainment
Screenwriter,entertainment
Script,entertainment
Plot,entertainment
Character,entertainment
Dialogue,entertainment
Scene,entertainment
Set,entertainment
Costume,entertainment
Makeup,entertainment
Special Effects,entertainment
Soundtrack,entertainment
Score,entertainment
Music,entertainment
Song,entertainment
Dance,entertainment
Choreography,entertainment
Band,entertainment
Orchestra,entertainment
Musician,entertainment
Singer,entertainment
Artist,entertainment
Entertainer,entertainment
Performance,entertainment
Show,entertainment
Event,entertainment
Gig,entertainment
Festival,entertainment
Concert Hall,entertainment
Theater,entertainment
Auditorium,entertainment
Stage,entertainment
Screen,entertainment
Curtain,entertainment
Ticket,entertainment
Admission,entertainment
Reservation,entertainment
Booking,entertainment
Seat,entertainment
Row,entertainment
View,entertainment
Screening Room,entertainment
Box Office,entertainment
Popcorn,entertainment
Snacks,entertainment
Refreshments,entertainment
Drink,entertainment
Beverage,entertainment
Candy,entertainment
Merchandise,entertainment
Poster,entertainment
Program,entertainment
Brochure,entertainment
Guide,entertainment
Review,entertainment
Critique,entertainment
Rating,entertainment
Award,entertainment
Nomination,entertainment
Winner,entertainment
Nominee,entertainment
Prize,entertainment
Trophy,entertainment
Recognition,entertainment
Applause,entertainment
Standing Ovation,entertainment
Encore,entertainment
Fan,entertainment
Fandom,entertainment
Fanbase,entertainment
Audience,entertainment
Viewer,entertainment
Viewer Rating,entertainment
Fan Rating,entertainment
Feedback,entertainment
Comment,entertainment
Opinion,entertainment
Review,entertainment
Critic,entertainment
Reviewer,entertainment
Viewer,entertainment
Fan,entertainment
Movie Theater,entertainment
Cinema Hall,entertainment
Theater Hall,entertainment
Concert Hall,entertainment
Live Performance Venue,entertainment
Entertainment Venue,entertainment
Event Venue,entertainment
Film Studio,entertainment
Recording Studio,entertainment
Production House,entertainment
Movie Set,entertainment
Stage Set,entertainment
Sound Stage,entertainment
Green Room,entertainment
Backstage,entertainment
Dressing Room,entertainment
Costume Room,entertainment
Props,entertainment
Acting,entertainment
Directing,entertainment
Producing,entertainment
Screenwriting,entertainment
Cinematography,entertainment
Editing,entertainment
Post-production,entertainment
Special Effects,entertainment
Sound Design,entertainment
Lighting,entertainment
Casting,entertainment
Rehearsal,entertainment
Screen Test,entertainment
Audition,entertainment
Premiere Night,entertainment
Opening Night,entertainment
Closing Night,entertainment
Debut,entertainment
Release,entertainment
Launch,entertainment
Showtime,entertainment
Screening Time,entertainment
Schedule,entertainment
Program,entertainment
Lineup,entertainment
Performance Schedule,entertainment
Entertainment Schedule,entertainment
Event Schedule,entertainment
Time Slot,entertainment
Day,entertainment
Night,entertainment
Morning,entertainment
Afternoon,entertainment
Evening,entertainment
Weekend,entertainment
Weekday,entertainment
Holiday,entertainment
Vacation,entertainment
Season,entertainment
Summer,entertainment
Winter,entertainment
Spring,entertainment
Fall,entertainment
Autumn,entertainment
Christmas,entertainment
New Year,entertainment
Halloween,entertainment
Thanksgiving,entertainment
Easter,entertainment
Valentine's Day,entertainment
Mother's Day,entertainment
Father's Day,entertainment
Birthday,entertainment
Anniversary,entertainment
Graduation,entertainment
Prom,entertainment
Wedding,entertainment
Engagement,entertainment
Proposal,entertainment
Celebration,entertainment
Party,entertainment
Gathering,entertainment
Event,entertainment
Occasion,entertainment
Theme,entertainment
Costume Party,entertainment
Masquerade,entertainment
Fancy Dress,entertainment
Dress Code,entertainment
Formal,entertainment
Informal,entertainment
Casual,entertainment
Black Tie,entertainment
Red Carpet,entertainment
VIP,entertainment
Exclusive,entertainment
Private,entertainment
Public,entertainment
Open,entertainment
Free,entertainment
Paid,entertainment
Ticketed,entertainment
Reserved,entertainment
Sold Out,entertainment
Full House,entertainment
Packed,entertainment
Crowded,entertainment
Busy,entertainment
Popular,entertainment
Trending,entertainment
Buzz,entertainment
Hype,entertainment
Excitement,entertainment
Anticipation,entertainment
Expectation,entertainment
Surprise,entertainment
Thrill,entertainment
Emotion,entertainment
Passion,entertainment
Love,entertainment
Admiration,entertainment
Inspiration,entertainment
Mystery,entertainment
Suspense,entertainment
Drama,entertainment
Action,entertainment
Adventure,entertainment
Comedy,entertainment
Romance,entertainment
Fantasy,entertainment
Science Fiction,entertainment
Horror,entertainment
Thriller,entertainment
Mystery,entertainment
Documentary,entertainment
Biography,entertainment
History,entertainment
Period Drama,entertainment
Musical,entertainment
Animation,entertainment
Cartoon,entertainment
Superhero,entertainment
Spy,entertainment
Detective,entertainment
Crime,entertainment
Courtroom Drama,entertainment
Legal,entertainment
Medical Drama,entertainment
Political Drama,entertainment
War,entertainment
Western,entertainment
Sports,entertainment
Action,entertainment
Adventure,entertainment
Survival,entertainment
Fantasy,entertainment
Superhero,entertainment
Science Fiction,entertainment
Space,entertainment
Alien,entertainment
Robot,entertainment
Cyberpunk,entertainment
Dystopian,entertainment
Post-apocalyptic,entertainment
Zombie,entertainment
Vampire,entertainment
Werewolf,entertainment
Monster,entertainment
Ghost,entertainment
Haunted,entertainment
Psychological,entertainment
Mystery,entertainment
Thriller,entertainment
Suspense,entertainment
Crime,entertainment
Detective,entertainment
Investigation,entertainment
Serial Killer,entertainment
Heist,entertainment
Espionage,entertainment
Spy,entertainment
Action,entertainment
Adventure,entertainment
Martial Arts,entertainment
Superhero,entertainment
Fantasy,entertainment
Magic,entertainment
Mythology,entertainment
Fairy Tale,entertainment
Adventure,entertainment
Quest,entertainment
Treasure Hunt,entertainment
Pirate,entertainment
Explorer,entertainment
Travel,entertainment
Journey,entertainment
Expedition,entertainment
Adventure,entertainment
Exploration,entertainment
Discovery,entertainment
Travelogue,entertainment
Nature,entertainment
Wildlife,entertainment
Animal,entertainment
Environmental,entertainment
Conservation,entertainment
Ecology,entertainment
Earth,entertainment
Planet,entertainment
Space,entertainment
Astronomy,entertainment
Universe,entertainment
Galaxy,entertainment
Star,entertainment
Planet,entertainment
Asteroid,entertainment
Comet,entertainment
Meteor,entertainment
Spacecraft,entertainment
Spaceship,entertainment
Alien,entertainment
Extraterrestrial,entertainment
Intergalactic,entertainment
Starship,entertainment
Space Exploration,entertainment
Space Travel,entertainment
Time Travel,entertainment
Parallel Universe,entertainment
Alternate Reality,entertainment
Virtual Reality,entertainment
Augmented Reality,entertainment
Cyberspace,entertainment
Digital,entertainment
Technology,entertainment
Science,entertainment
Scientist,entertainment
Research,entertainment
Invention,entertainment
Experiment,entertainment
Lab,entertainment
Laboratory,entertainment
Innovation,entertainment
Discovery,entertainment
Breakthrough,entertainment
Revolution,entertainment
Evolution,entertainment
Progress,entertainment
Future,entertainment
Robotics,entertainment
Artificial Intelligence,entertainment
Cyborg,entertainment
Android,entertainment
Robot,entertainment
Automation,entertainment
Machine Learning,entertainment
Deep Learning,entertainment
Neural Network,entertainment
Algorithm,entertainment
Programming,entertainment
Code,entertainment
Data,entertainment
Big Data,entertainment
Cloud Computing,entertainment
Internet,entertainment
Digital Age,entertainment
Information Age,entertainment
Communication,entertainment
Social Media,entertainment
Online,entertainment
Website,entertainment
App,entertainment
Application,entertainment
Software,entertainment
Hardware,entertainment
Device,entertainment
Gadget,entertainment
Tech,entertainment
Technology,entertainment
Digital Art,entertainment
Digital Media,entertainment
Digital Marketing,entertainment
Digital Content,entertainment
Online Content,entertainment
Streaming,entertainment
Streaming Service,entertainment
OTT Platform,entertainment
Video,entertainment
Audio,entertainment
Podcast,entertainment
Livestream,entertainment
Webinar,entertainment
E-learning,entertainment
Online Learning,entertainment
Online Course,entertainment
Tutorial,entertainment
Guide,entertainment
Instruction,entertainment
Education,entertainment
Edutainment,entertainment
Learning,entertainment
Knowledge,entertainment
Information,entertainment
Entertainment,entertainment
Fun,entertainment
Enjoyment,entertainment
Excitement,entertainment
Amusement,entertainment
Pleasure,entertainment
Leisure,entertainment
Recreation,entertainment
Relaxation,entertainment
Escape,entertainment
Distraction,entertainment
Hobby,entertainment
Interest,entertainment
Passion,entertainment
Fascination,entertainment
Enchantment,entertainment
Engagement,entertainment
Imagination,entertainment
Creativity,entertainment
Inspiration,entertainment
Art,entertainment
Artistic,entertainment
Craft,entertainment
Creation,entertainment
Design,entertainment
Visual,entertainment
Aesthetic,entertainment
Creative,entertainment
Imaginative,entertainment
Expressive,entertainment
Emotional,entertainment
Sensory,entertainment
Intellectual,entertainment
Cultural,entertainment
Social,entertainment
Community,entertainment
Group,entertainment
Collective,entertainment
Crowd,entertainment
Audience,entertainment
Public,entertainment
Fans,entertainment
Fandom,entertainment
Pop Culture,entertainment
Trend,entertainment
Fashion,entertainment
Style,entertainment
Taste,entertainment
Preference,entertainment
Lifestyle,entertainment
Leisure,entertainment
Recreation,entertainment
Pleasure,entertainment
Enjoyment,entertainment
Relaxation,entertainment
Escape,entertainment
Distraction,entertainment
Hobby,entertainment
Interest,entertainment
Passion,entertainment
Fascination,entertainment
Enchantment,entertainment
Engagement,entertainment
Imagination,entertainment
Creativity,entertainment
Inspiration,entertainment
Art,entertainment
Artistic,entertainment
Craft,entertainment
Creation,entertainment
Design,entertainment
Visual,entertainment
Aesthetic,entertainment
Creative,entertainment
Imaginative,entertainment
Expressive,entertainment
Emotional,entertainment
Sensory,entertainment
Intellectual,entertainment
Cultural,entertainment
Social,entertainment
Community,entertainment
Group,entertainment
Collective,entertainment
Crowd,entertainment
Audience,entertainment
Public,entertainment
Fans,entertainment
Fandom,entertainment
Pop Culture,entertainment
Trend,entertainment
Fashion,entertainment
Style,entertainment
Taste,entertainment
Preference,entertainment
Lifestyle,entertainment
Entertainment Industry,entertainment
Showbiz,entertainment
Media,entertainment
Film Industry,entertainment
Music Industry,entertainment
Television Industry,entertainment
Theater Industry,entertainment
Performing Arts,entertainment
Visual Arts,entertainment
Creative Arts,entertainment
Digital Arts,entertainment
Multimedia,entertainment
Content,entertainment
Digital Content,entertainment
Media Content,entertainment
Online Content,entertainment
Streaming Content,entertainment
Video Content,entertainment
Audio Content,entertainment
Interactive Content,entertainment
User-generated Content,entertainment
Original Content,entertainment
Branded Content,entertainment
Advertisement,entertainment
Marketing,entertainment
Promotion,entertainment
Brand,entertainment
Branding,entertainment
Ad Campaign,entertainment
Campaign,entertainment
Promotional Campaign,entertainment
Advertising,entertainment
Commercial,entertainment
Product Placement,entertainment
Sponsorship,entertainment
Partnership,entertainment
Collaboration,entertainment
Cooperation,entertainment
Networking,entertainment
Industry,entertainment
Business,entertainment
Market,entertainment
Marketplace,entertainment
Economy,entertainment
Performance,entertainment
Show,entertainment
Event,entertainment
Gig,entertainment
Festival,entertainment
Concert,entertainment
Live Music,entertainment
Live Band,entertainment
Stage,entertainment
Stage Performance,entertainment
Theater,entertainment
Drama,entertainment
Play,entertainment
Musical,entertainment
Comedy,entertainment
Stand-up Comedy,entertainment
Improv,entertainment
Sketch Comedy,entertainment
Storytelling,entertainment
Magic Show,entertainment
Illusion,entertainment
Circus,entertainment
Carnival,entertainment
Amusement Park,entertainment
Fair,entertainment
Rodeo,entertainment
Circus Act,entertainment
Acrobatics,entertainment
Clown,entertainment
Juggler,entertainment
Trapeze,entertainment
Carnival Game,entertainment
Fairground Ride,entertainment
Roller Coaster,entertainment
Ferris Wheel,entertainment
Carousel,entertainment
Haunted House,entertainment
Arcade,entertainment
Video Game,entertainment
Game Show,entertainment
Reality Show,entertainment
Competition,entertainment
Contest,entertainment
Challenge,entertainment
Quiz Show,entertainment
Talent Show,entertainment
Dance Show,entertainment
Ballet,entertainment
Modern Dance,entertainment
Hip Hop Dance,entertainment
Ballroom Dance,entertainment
Salsa Dance,entertainment
Tap Dance,entertainment
Jazz Dance,entertainment
Contemporary Dance,entertainment
Street Dance,entertainment
Breakdance,entertainment
Dance Battle,entertainment
Dance Off,entertainment
Dance Competition,entertainment
Music,entertainment
Song,entertainment
Album,entertainment
Artist,entertainment
Band,entertainment
Musician,entertainment
Singer,entertainment
Instrumentalist,entertainment
DJ,entertainment
Producer,entertainment
Music Video,entertainment
Music Festival,entertainment
Music Concert,entertainment
Concert Tour,entertainment
Concert Hall,entertainment
Opera,entertainment
Symphony,entertainment
Orchestra,entertainment
Choir,entertainment
Ensemble,entertainment
Rock Band,entertainment
Pop Band,entertainment
Indie Band,entertainment
Folk Band,entertainment
Country Band,entertainment
Jazz Band,entertainment
Blues Band,entertainment
Electronic Music,entertainment
EDM,entertainment
Rap,entertainment
Hip Hop,entertainment
R&B,entertainment
Soul,entertainment
Funk,entertainment
Reggae,entertainment
Latin Music,entertainment
Classical Music,entertainment
Gospel Music,entertainment
World Music,entertainment
Festival,entertainment
Music Festival,entertainment
Film Festival,entertainment
Art Festival,entertainment
Culture Festival,entertainment
Food Festival,entertainment
Beer Festival,entertainment
Wine Festival,entertainment
Craft Fair,entertainment
Street Fair,entertainment
Market,entertainment
Vendor,entertainment
Stall,entertainment
Booth,entertainment
Food Truck,entertainment
Food Cart,entertainment
Food Stand,entertainment
Cuisine,entertainment
Cooking,entertainment
Culinary,entertainment
Restaurant,entertainment
Café,entertainment
Diner,entertainment
Bistro,entertainment
Eatery,entertainment
Bar,entertainment
Pub,entertainment
Club,entertainment
Nightclub,entertainment
Lounge,entertainment
Sports Bar,entertainment
Beer Garden,entertainment
Winery,entertainment
Brewery,entertainment
Distillery,entertainment
Mixology,entertainment
Bartender,entertainment
Cocktail,entertainment
Mocktail,entertainment
Wine,entertainment
Beer,entertainment
Spirits,entertainment
Whiskey,entertainment
Vodka,entertainment
Rum,entertainment
Tequila,entertainment
Gin,entertainment
Brandy,entertainment
Cognac,entertainment
Craft Beer,entertainment
Microbrewery,entertainment
Craft Distillery,entertainment
Wine Tasting,entertainment
Beer Tasting,entertainment
Spirits Tasting,entertainment
Cocktail Tasting,entertainment
Wine Pairing,entertainment
Beer Pairing,entertainment
Food and Wine,entertainment
Food and Beer,entertainment
Food and Spirits,entertainment
Food and Cocktails,entertainment
Food and Drink,entertainment
Beverage,entertainment
Drink,entertainment
Alcohol,entertainment
Non-alcoholic,entertainment
Mocktail,entertainment
Soft Drink,entertainment
Juice,entertainment
Smoothie,entertainment
Milkshake,entertainment
Coffee,entertainment
Tea,entertainment
Espresso,entertainment
Latte,entertainment
Cappuccino,entertainment
Americano,entertainment
Mocha,entertainment
Chai,entertainment
Bubble Tea,entertainment
Iced Tea,entertainment
Iced Coffee,entertainment
Cold Brew,entertainment
Hot Chocolate,entertainment
Milk,entertainment
Infused Water,entertainment
Detox Water,entertainment
Energy Drink,entertainment
Sports Drink,entertainment
Hydration,entertainment
Wellness,entertainment
Healthy Eating,entertainment
Fitness,entertainment
Exercise,entertainment
Workout,entertainment
Yoga,entertainment
Pilates,entertainment
Meditation,entertainment
Wellness Retreat,entertainment
Spa,entertainment
Massage,entertainment
Facial,entertainment
Skincare,entertainment
Haircare,entertainment
Beauty,entertainment
Grooming,entertainment
Fashion,entertainment
Style,entertainment
Trend,entertainment
Designer,entertainment
Brand,entertainment
Luxury,entertainment
Streetwear,entertainment
Athleisure,entertainment
Casual Wear,entertainment
Formal Wear,entertainment
Business Attire,entertainment
Vintage,entertainment
Thrift Store,entertainment
Secondhand,entertainment
Fashion Show,entertainment
Runway,entertainment
Fashion Week,entertainment
Model,entertainment
Photography,entertainment
Photoshoot,entertainment
Portrait,entertainment
Fashion Photography,entertainment
Street Photography,entertainment
Nature Photography,entertainment
Landscape Photography,entertainment
Wildlife Photography,entertainment
Documentary Photography,entertainment
Black and White Photography,entertainment
Color Photography,entertainment
Digital Photography,entertainment
Film Photography,entertainment
Video Production,entertainment
Film Production,entertainment
Filmmaking,entertainment
Cinematography,entertainment
Scriptwriting,entertainment
Screenwriting,entertainment
Storyboarding,entertainment
Directing,entertainment
Acting,entertainment
Performance Art,entertainment
Visual Art,entertainment
Fine Art,entertainment
Contemporary Art,entertainment
Modern Art,entertainment
Abstract Art,entertainment
Sculpture,entertainment
Installation Art,entertainment
Street Art,entertainment
Graffiti,entertainment
Mural,entertainment
Painting,entertainment
Drawing,entertainment
Sketching,entertainment
Illustration,entertainment
Digital Art,entertainment
Graphic Design,entertainment
Web Design,entertainment
User Interface Design,entertainment
User Experience Design,entertainment
Animation,entertainment
Cartoon,entertainment
Anime,entertainment
Comic Book,entertainment
Graphic Novel,entertainment
Illustrated Book,entertainment
Children's Book,entertainment
Young Adult Fiction,entertainment
Fiction,entertainment
Non-fiction,entertainment
Literature,entertainment
Poetry,entertainment
Book,entertainment
Novel,entertainment
Short Story,entertainment
Playwriting,entertainment
Screenplay,entertainment
Film Script,entertainment
TV Script,entertainment
Documentary Script,entertainment
Journalism,entertainment
News,entertainment
Article,entertainment
Feature,entertainment
Investigative Reporting,entertainment
Opinion Piece,entertainment
Editorial,entertainment
Review,entertainment
Critique,entertainment
Interview,entertainment
Profile,entertainment
Biography,entertainment
Autobiography,entertainment
Memoir,entertainment
Historical Fiction,entertainment
Historical Non-fiction,entertainment
True Crime,entertainment
Science Fiction,entertainment
Fantasy Fiction,entertainment
Horror Fiction,entertainment
Mystery Fiction,entertainment
Thriller Fiction,entertainment
Romance Fiction,entertainment
Young Adult Fiction,entertainment
Children's Fiction,entertainment
Educational,entertainment
Instructional,entertainment
Tutorial,entertainment
Guide,entertainment
Manual,entertainment
Handbook,entertainment
Textbook,entertainment
Workbook,entertainment
Study Guide,entertainment
Lesson Plan,entertainment
Educational Material,entertainment
E-learning,entertainment
Online Course,entertainment
Distance Learning,entertainment
Remote Learning,entertainment
Classroom,entertainment
School,entertainment
College,entertainment
University,entertainment
Education System,entertainment
Learning Environment,entertainment
Educational Technology,entertainment
EdTech,entertainment
Online Learning Platform,entertainment
Learning Management System,entertainment
Student,entertainment
Teacher,entertainment
Professor,entertainment
Educator,entertainment
Learner,entertainment
Student Success,entertainment
Academic,entertainment
Curriculum,entertainment
Course,entertainment
Subject,entertainment
Major,entertainment
Degree,entertainment
Diploma,entertainment
Certificate,entertainment
Graduation,entertainment
Alumni,entertainment
Career,entertainment
Job,entertainment
Employment,entertainment
Work,entertainment
Professional Development,entertainment
Skill Development,entertainment
Training,entertainment
Certification,entertainment
License,entertainment
Qualification,entertainment
Job Market,entertainment
Job Search,entertainment
Resume,entertainment
Cover Letter,entertainment
Interview,entertainment
Networking,entertainment
Career Fair,entertainment
Job Fair,entertainment
Internship,entertainment
Apprenticeship,entertainment
Volunteering,entertainment
Community Service,entertainment
Social Work,entertainment
Charity,entertainment
Non-profit,entertainment
NGO,entertainment
Fundraising,entertainment
Donation,entertainment
Philanthropy,entertainment
Volunteer,entertainment
Volunteerism,entertainment
Humanitarian,entertainment
Social Impact,entertainment
Social Justice,entertainment
Civil Rights,entertainment
Equality,entertainment
Diversity,entertainment
Inclusion,entertainment
Equity,entertainment
Environmentalism,entertainment
Sustainability,entertainment
Climate Change,entertainment
Conservation,entertainment
Green Living,entertainment
Renewable Energy,entertainment
Clean Energy,entertainment
Circular Economy,entertainment
Zero Waste,entertainment
Eco-friendly,entertainment
Nature Conservation,entertainment
Wildlife Conservation,entertainment
Animal Welfare,entertainment
Animal Rights,entertainment
Pet Care,entertainment
Pet Adoption,entertainment
Animal Shelter,entertainment
Veterinary Care,entertainment
Animal Training,entertainment
Pet Grooming,entertainment
Pet Supplies,entertainment
Pet Food,entertainment
Pet Products,entertainment
Pet Toys,entertainment
Pet Accessories,entertainment
Outdoor Activities,entertainment
Adventure,entertainment
Exploration,entertainment
Discovery,entertainment
Travel,entertainment
Adventure Travel,entertainment
Outdoor Adventure,entertainment
Outdoor Recreation,entertainment
Hiking,entertainment
Trekking,entertainment
Camping,entertainment
Backpacking,entertainment
Mountaineering,entertainment
Rock Climbing,entertainment
Caving,entertainment
Canoeing,entertainment
Kayaking,entertainment
Rafting,entertainment
Fishing,entertainment
Hunting,entertainment
Safari,entertainment
Wildlife Safari,entertainment
Nature Walk,entertainment
Birdwatching,entertainment
Stargazing,entertainment
Astronomy,entertainment
Astrophotography,entertainment
Meteorology,entertainment
Weather,entertainment
Climate,entertainment
Geology,entertainment
Ecology,entertainment
Biology,entertainment
Botany,entertainment
Zoology,entertainment
Marine Biology,entertainment
Oceanography,entertainment
Environmental Science,entertainment
Earth Science,entertainment
Geography,entertainment
Cartography,entertainment
Mapping,entertainment
Navigation,entertainment
Survival Skills,entertainment
Bushcraft,entertainment
Wilderness Survival,entertainment
Outdoor Skills,entertainment
Nature Photography,entertainment
Landscape Photography,entertainment
Wildlife Photography,entertainment
Documentary Photography,entertainment
Black and White Photography,entertainment
Color Photography,entertainment
Digital Photography,entertainment
Film Photography,entertainment
Video Production,entertainment
Film Production,entertainment
Filmmaking,entertainment
Cinematography,entertainment
Scriptwriting,entertainment
,food
,
Aloo Gobi,food
Aloo Paratha,food
Baingan Bharta,food
Biryani,food
Butter Chicken,food
Chana Masala,food
Chapati,food
Chole Bhature,food
Dal Makhani,food
Dhokla,food
Dosa,food
Gajar Ka Halwa,food
Gulab Jamun,food
Idli,food
Jalebi,food
Kachori,food
Kadhi,food
Kofta,food
Kulfi,food
Lassi,food
Matar Paneer,food
Naan,food
Pani Puri,food
Papadum,food
Pav Bhaji,food
Poha,food
Pongal,food
Pulao,food
Rajma,food
Rasam,food
Rogan Josh,food
Samosa,food
Sambar,food
Sev Puri,food
Shahi Paneer,food
Tandoori Chicken,food
Thali,food
Upma,food
Vada,food
Vindaloo,food
Aam Panna,food
Aamras,food
Achari Paneer,food
Adrak Chai,food
Aloo Chaat,food
Aloo Tikki,food
Amritsari Fish,food
Anarsa,food
Andhra Chicken Curry,food
Anjeer Halwa,food
Appam,food
Arbi Masala,food
Ariselu,food
Badam Halwa,food
Badam Milk,food
Bajra Roti,food
Bal Mithai,food
Banana Chips,food
Basundi,food
Baati,food
Batata Vada,food
Bedmi Poori,food
Beetroot Halwa,food
Besan Ladoo,food
Bhakri,food
Bhapa Ilish,food
Bhindi Masala,food
Bhutte Ka Kees,food
Bhutte Ka Soup,food
Bisi Bele Bath,food
Boondi Raita,food
Bottlegourd Kofta,food
Butter Naan,food
Butter Paneer,food
Cadbury Halwa,food
Carrot Halwa,food
Cashew Burfi,food
Cauliflower Manchurian,food
Chaas,food
Chakli,food
Cham Cham,food
Chettinad Chicken,food
Chikki,food
Chivda,food
Chocolate Burfi,food
Cholar Dal,food
Chole Kulche,food
Churma Ladoo,food
Coconut Barfi,food
Coconut Chutney,food
Coconut Ladoo,food
Corn Pakora,food
Corn Pulao,food
Crab Curry,food
Dal Baati Churma,food
Dal Fry,food
Dal Tadka,food
Dalma,food
Daliya,food
Dam Aloo,food
Dhania Chutney,food
Dhansak,food
Dhebra,food
Dhuska,food
Dim Sum,food
Dindigul Biryani,food
Double Ka Meetha,food
Dry Fruit Barfi,food
Dry Fruit Ladoo,food
Dudhi Halwa,food
Dum Aloo,food
Egg Bhurji,food
Egg Curry,food
Ela Ada,food
Elaichi Chai,food
Falooda,food
Fish Amritsari,food
Fish Curry,food
Fish Fry,food
Fish Moilee,food
Fried Idli,food
Fruit Chaat,food
Fulkopir Paturi,food
Galouti Kebab,food
Gatte Ki Sabzi,food
Gaund Ke Ladoo,food
Ghiya Kofta,food
Goan Fish Curry,food
Gobhi Paratha,food
Gond Ke Ladoo,food
Gongura Pickle,food
Green Chutney,food
Gujarati Kadhi,food
Hara Bhara Kabab,food
Hare Chane Ke Kabab,food
Hesarubele Payasa,food
Hyderabadi Biryani,food
Imarti,food
Jangiri,food
Jalfrezi,food
Jhangora Kheer,food
Jhuri Bhaja,food
Kabuli Pulao,food
Kadala Curry,food
Kadhi Pakora,food
Kakara Pitha,food
Kalakand,food
Kalan,food
Kalan Milagu,food
Kalmi Kabab,food
Kanchipuram Idli,food
Kanda Bhaji,food
Kanda Poha,food
Karela Sabzi,food
Karachi Halwa,food
Karimeen Pollichathu,food
Kesar Pista Kulfi,food
Khakhra,food
Khandvi,food
Khatta Meetha Karela,food
Khichdi,food
Khoya Burfi,food
Kinnathappam,food
Kofta Curry,food
Kokum Sharbat,food
Kootu Curry,food
Kosambari,food
Kulcha,food
Kurkuri Bhindi,food
Lacha Paratha,food
Lahsun Chutney,food
Lal Maas,food
Lauki Halwa,food
Lauki Kofta,food
Lemon Rice,food
Lobiya,food
Luchi,food
Lucknowi Biryani,food
Maach Bhaja,food
Macher Jhol,food
Makhana Kheer,food
Malai Kofta,food
Malpua,food
Mango Chutney,food
Mango Lassi,food
Matar Kachori,food
Methi Thepla,food
Mirchi Bajji,food
Misal Pav,food
Mishti Doi,food
Mochar Ghonto,food
Moong Dal Halwa,food
Moong Dal Khichdi,food
Moong Dal Pakora,food
Moong Dal Tadka,food
Mor Kali,food
Mor Kuzhambu,food
Moti Choor Ladoo,food
Mutton Curry,food
Mysore Bonda,food
Mysore Masala Dosa,food
Mysore Pak,food
Nachni Roti,food
Nargisi Kofta,food
Neer Dosa,food
Nihari,food
Nolen Gurer Sandesh,food
Nuchinunde,food
Olan,food
Onion Pakora,food
Paneer Bhurji,food
Paneer Butter Masala,food
Paneer Do Pyaza,food
Paneer Kathi Roll,food
Paneer Lababdar,food
Paneer Pasanda,food
Paneer Tikka,food
Papdi Chaat,food
Patra,food
Patra Ni Macchi,food
Pav,food
Pav Bhaji,food
Payasam,food
Peanut Chikki,food
Peda,food
Phirni,food
Pineapple Sheera,food
Pista Burfi,food
Pithla Bhakri,food
Podi Idli,food
Podi Masala Dosa,food
Poori,food
Potato Bajji,food
Prawn Curry,food
Prawn Masala,food
Prawn Pulao,food
Pudina Chutney,food
Puran Poli,food
Rabdi,food
Ragi Mudde,food
Ragi Roti,food
Rajma Chawal,food
Rajasthani Kadhi,food
Rajasthani Laal Maas,food
Rajasthani Mirchi Vada,food
Rajasthani Rabdi,food
Rajasthani Thali,food
Rajasthani Thandai,food
Rajasthani Veg Jodhpuri,food
Ram Ladoo,food
Ras Malai,food
Rasgulla,food
Red Rice Dosa,food
Ripe Mango Curry,food
Sabudana Khichdi,food
Sabudana Vada,food
Saffron Rice,food
Saag Paneer,food
Sarson Ka Saag,food
Sev Burfi,food
Sev Tameta,food
Sheer Khurma,food
Sheera,food
Shengdana Chutney,food
Shrikhand,food
Shukto,food
Sindhi Kadhi,food
Sindhi Koki,food
Singhada Sheera,food
Sol Kadhi,food
South Indian Thali,food
Spicy Pomfret,food
Stuffed Bhindi,food
Stuffed Brinjal,food
Suji Halwa,food
Sweet Corn Soup,food
Tandoori Fish,food
Tandoori Mushroom,food
Tandoori Paneer,food
Tandoori Prawns,food
Tilgul,food
Tomato Chutney,food
Tomato Rasam,food
Tomato Rice,food
Tomato Soup,food
Udupi Masala Dosa,food
Unniyappam,food
Urad Dal Kachori,food
Uthappam,food
Vada Pav,food
Val Val,food
Veg Biryani,food
Veg Korma,food
Veg Manchurian,food
Veg Pulao,food
Veg Seekh Kabab,food
Veggie Paratha,food
Vermicelli Upma,food
Watalappan,food
Yakhni Pulao,food
Zafrani Pulao,food
Zunka Bhakar,food
Aam Ka Achaar,food
Aam Papad,food
Aamras Puri,food
Anda Curry,food
Andhra Chicken Fry,food
Andhra Fish Curry,food
Andhra Gunpowder,food
Arbi Ka Saag,food
Avial,food
Baati Chokha,food
Baida Roti,food
Bajra Khichdi,food
Banana Halwa,food
Banana Paniyaram,food
Barfi,food
Basundi,food
Batata Poha,food
Bedmi Poori,food
Besan Cheela,food
Besan Ladoo,food
Bhakri,food
Bhindi Kurkuri,food
Bhindi Raita,food
Bhindi Sabzi,food
Bhopali Gosht Korma,food
Bhutte Ka Kees,food
Bisi Bele Bath,food
Black Rice Pudding,food
Bombay Sandwich,food
Boondi Ladoo,food
Bread Halwa,food
Bread Pakora,food
Butter Murukku,food
Carrot Kosambari,food
Cashew Nut Curry,food
Chana Dal Payasam,food
Chana Dal Tikki,food
Chana Sundal,food
Chanar Payesh,food
Chappli Kabab,food
Chhena Murki,food
Chicken 65,food
Chicken Bharta,food
Chicken Chettinad,food
Chicken Kathi Roll,food
Chicken Korma,food
Chicken Rezala,food
Chicken Sukka,food
Chikki,food
Cholar Dal,food
Chole Kulcha,food
Churma Ladoo,food
Coconut Burfi,food
Coconut Chutney,food
Coconut Ladoo,food
Corn Pakora,food
Corn Pulao,food
Khubani Ka Meetha  ,food
Khumb Do Pyaza  ,food
Khushari  ,food
Kiribath  ,food
Kobbari Annam  ,food
Kohlapuri Mutton  ,food
Kohlapuri Usal  ,food
Kolhapuri Biryani  ,food
Kolhapuri Chicken  ,food
Kolhapuri Misal  ,food
Kolhapuri Rassa  ,food
Kombdi Vade  ,food
Korri Rotti  ,food
Kosambari  ,food
Kothimbir Vadi  ,food
Kothu Parotta  ,food
Kozhukattai  ,food
Kulfi  ,food
Kulith Usal  ,food
Kumro Chingri  ,food
Kunal's Mutton Biryani  ,food
Kumbakonam Degree Coffee  ,food
Kunafa  ,food
Kundru Aloo  ,food
Kurle Ambat  ,food
Kuska Biryani  ,food
Kusli  ,food
Kutchi Dabeli  ,food
Lachha Paratha  ,food
Lachko Dal  ,food
Ladyfinger Fry  ,food
Lahori Charga  ,food
Lahori Fried Fish  ,food
Lahsun Ki Chutney  ,food
Lal Bhopalyache Bharit  ,food
Lal Mirch Achar  ,food
Lalla Mussa Dal  ,food
Lapsi  ,food
Lasooni Palak  ,food
Lauki Bharta  ,food
Lauki Chana Dal  ,food
Lauki Ka Halwa  ,food
Lauki Raita  ,food
Lauki Sabzi  ,food
Lemon Pulao  ,food
Lemon Rice  ,food
Litti Chokha  ,food
Lobster Curry  ,food
Longlata  ,food
Louki Soup  ,food
Luddu  ,food
Madgane  ,food
Macher Chop  ,food
Macher Kalia  ,food
Machli Ka Salan  ,food
Madra  ,food
Mag Ni Dal  ,food
Maggi Bhel  ,food
Maggi Pakora  ,food
Maggi Sandwich  ,food
Maharashtrian Usal  ,food
Maithili Thali  ,food
Makar Sankranti Special  ,food
Makki Ki Roti  ,food
Malai Kulfi  ,food
Malabar Fish Curry  ,food
Malai Sandwich  ,food
Malabar Parotta  ,food
Malai Tikka  ,food
Malai Ladoo  ,food
Malai Kofta  ,food
Malabar Chicken Curry  ,food
Malida  ,food
Malpua  ,food
Mamsam Pulusu  ,food
Mango Ice Cream  ,food
Mango Murabba  ,food
Mango Pachadi  ,food
Mango Pickle  ,food
Mango Rice  ,food
Mango Shrikhand  ,food
Mango Sorbet  ,food
Mango Thokku  ,food
Mango Tikka  ,food
Mango Tiramisu  ,food
Mango Uthappam  ,food
Mango Yogurt  ,food
Manjula's Idli  ,food
Manoharam  ,food
Mangalore Buns  ,food
Manoharam  ,food
Masala Aloo  ,food
Masala Chai  ,food
Masala Dosa  ,food
Masala Egg Bhurji  ,food
Masala Idli  ,food
Masala Khichdi  ,food
Masala Macaroni  ,food
Masala Maggi  ,food
Masala Mutton  ,food
Masala Papad  ,food
Masala Paratha  ,food
Masala Peanuts  ,food
Masala Poori  ,food
Masala Puri  ,food
Masala Roti  ,food
Masala Tadka  ,food
Masoor Dal  ,food
Matar Chaat  ,food
Matar Kulcha  ,food
Matar Paneer  ,food
Matar Pulao  ,food
Matar Samosa  ,food
Matar Tikki  ,food
Matar Usal  ,food
Methi Aloo  ,food
Methi Chaman  ,food
Methi Malai Paneer  ,food
Methi Makai  ,food
Methi Mathri  ,food
Methi Pakoda  ,food
Methi Parantha  ,food
Methi Pulao  ,food
Methi Sabzi  ,food
Methi Thepla  ,food
Methi Wada  ,food
Misal Pav  ,food
Mixed Dal  ,food
Mixed Sabzi  ,food
Modak  ,food
Moong Dal  ,food
Moong Dal Chilla  ,food
Moong Dal Halwa  ,food
Moong Dal Khichdi  ,food
Moong Dal Pakodi  ,food
Moong Dal Samosa  ,food
Moong Sprouts Salad  ,food
Mor Kuzhambu  ,food
Moru Curry  ,food
Moth Dal  ,food
Motichoor Ladoo  ,food
MTR Rava Idli  ,food
Mudi Mangsho  ,food
Mughlai Chicken  ,food
Mughlai Paratha  ,food
Mughlai Pulao  ,food
Mungode  ,food
Mushroom Do Pyaza  ,food
Mushroom Korma  ,food
Mushroom Kurma  ,food
Mushroom Masala  ,food
Mushroom Pulao  ,food
Mushroom Risotto  ,food
Mushroom Soup  ,food
Mushroom Stroganoff  ,food
Mussel Curry  ,food
Mutton Biryani  ,food
Mutton Curry  ,food
Mutton Keema  ,food
Mutton Kofta  ,food
Mutton Korma  ,food
Mutton Masala  ,food
Mutton Rara  ,food
Mutton Rogan Josh  ,food
Mutton Sukka  ,food
Naan  ,food
Nachos  ,food
Nadan Chicken Curry  ,food
Nagercoil Fish Curry  ,food
Narkel Naru  ,food
Navratri Khichdi  ,food
Navratri Thali  ,food
Neer Dosa  ,food
Nel Puttu  ,food
Nimona  ,food
Nombu Kanji  ,food
Noodles  ,food
Noolkol Kootu  ,food
Noorjahani Kofta  ,food
Nuchina Unde  ,food
Nutties Parfait  ,food
Onion Bhaji  ,food
Onion Chutney  ,food
Onion Kachori  ,food
Onion Pakora  ,food
Onion Samosa  ,food
Orange Barfi  ,food
Orange Basundi  ,food
Orange Rasmalai  ,food
Oren Tikkas  ,food
Paal Payasam  ,food
Paalak Paneer  ,food
Paalak Sabzi  ,food
Paalak Thepla  ,food
Paav Bhaji  ,food
Pachadi  ,food
Padvali Roti  ,food
Pahari Chicken  ,food
Pahari Kebab  ,food
Pahari Mutton  ,food
Pahari Rajma  ,food
Pahari Raita  ,food
Pakoda  ,food
Palak Chaat  ,food
Palak Corn  ,food
Palak Dal  ,food
Palak Kachori  ,food
Palak Kofta  ,food
Palak Pakora  ,food
Palak Paneer  ,food
Palak Paratha  ,food
Palak Pulao  ,food
Palak Raita  ,food
Palak Sabzi  ,food
Palak Soup  ,food
Palak Thepla  ,food
Palak Wada  ,food
Palkova  ,food
Paneer 65  ,food
Paneer Bhurji  ,food
Paneer Butter Masala  ,food
Paneer Chilli  ,food
Paneer Kathi Roll  ,food
Paneer Kulcha  ,food
Paneer Lababdar  ,food
Paneer Malai Tikka  ,food
Paneer Masala  ,food
Paneer Paratha  ,food
Paneer Pasanda  ,food
Paneer Pizza  ,food
Paneer Pulao  ,food
Paneer Sandwich  ,food
Paneer Schezwan  ,food
Paneer Stuffed Naan  ,food
Paneer Tikka  ,food
Papad  ,food
Papaya Halwa  ,food
Papdi Chaat  ,food
Paratha  ,food
Parwal Aloo  ,food
Parwal Curry  ,food
Parwal Fry  ,food
Pasanda  ,food
Pathiri  ,food
Pathrode  ,food
Pati Shapta  ,food
Pattani Sundal  ,food
Pav Bhaji  ,food
Payasam  ,food
Peanut Chikki  ,food
Peanut Curry  ,food
Peanut Laddu  ,food
Peanut Rice  ,food
Peanut Salad  ,food
Pesarattu  ,food
Pesarattu Upma  ,food
Phirni  ,food
Pindi Chole  ,food
Pineapple Halwa  ,food
Pineapple Kesari  ,food
Pineapple Pachadi  ,food
Pista Barfi  ,food
Pista Kulfi  ,food
Pista Ladoo  ,food
Pista Sandesh  ,food
Pistachio Ice Cream  ,food
Pizza Dosa  ,food
Pizza Paratha  ,food
Pizza Puri  ,food
Poha  ,food
Poha Chivda  ,food
Poha Dhokla  ,food
Poha Kheer  ,food
Poha Pattice  ,food
Poha Upma  ,food
Potato Bhaji  ,food
Potato Chaat  ,food
Potato Curry  ,food
Potato Halwa  ,food
Potato Kulcha  ,food
Potato Pulao  ,food
Potato Sabzi  ,food
Potato Samosa  ,food
Potato Wedges  ,food
Potoler Dolma  ,food
Prawn Biryani  ,food
Prawn Fry  ,food
Prawn Kebab  ,food
Prawn Korma  ,food
Prawn Masala  ,food
Prawn Pickle  ,food
Prawn Pulao  ,food
Prawn Roast  ,food
Prawn Vindaloo  ,food
Pudina Chutney  ,food
Pudina Parantha  ,food
Pudina Rice  ,food
Pulihora  ,food
Puliyodarai  ,food
Pulka  ,food
Pumpkin Curry  ,food
Pumpkin Halwa  ,food
Pumpkin Paratha  ,food
Pumpkin Sabzi  ,food
Puran Poli  ,food
Punjabi Kadhi  ,food
Punjabi Lassi  ,food
Punjabi Paratha  ,food
Puri  ,food
Puri Bhaji  ,food
Puri Sabzi  ,food
Puran Poli  ,food
Qabooli Biryani  ,food
Qeema  ,food
Qeema Aloo  ,food
Qeema Matar  ,food
Qeema Naan  ,food
Qeema Pulao  ,food
Qeema Samosa  ,food
Quinoa Biryani  ,food
Quinoa Pulao  ,food
Quinoa Upma  ,food
Quinoa Vada  ,food
Rabdi  ,food
Radish Sabzi  ,food
Ragi Dosa  ,food
Ragi Idli  ,food
Ragi Khichdi  ,food
Ragi Ladoo  ,food
Ragi Mudde  ,food
Ragi Roti  ,food
Ragi Upma  ,food
Rajma  ,food
Rajma Chawal  ,food
Rajma Masala  ,food
Rajma Pulao  ,food
Rajma Sabzi  ,food
Rajasthani Bhujia  ,food
Rajasthani Kadhi  ,food
Rajasthani Korma  ,food
Rajasthani Pulao  ,food
Rajasthani Saag  ,food
Rajasthani Thali  ,food
Rajgira Halwa  ,food
Rajgira Ladoo  ,food
Rajgira Poori  ,food
Rasa Vada  ,food
Rasgulla  ,food
Rasmalai  ,food
Rassam  ,food
Ratlami Sev  ,food
Rava Dosa  ,food
Rava Idli  ,food
Rava Kesari  ,food
Rava Kichadi  ,food
Rava Pongal  ,food
Rava Upma  ,food
Raw Mango Chutney  ,food
Raw Mango Rice  ,food
Red Rice Pulao  ,food
Ridged Gourd Curry  ,food
Ripe Mango Chutney  ,food
Ripe Mango Rice  ,food
Roasted Chana Dal  ,food
Roasted Chicken  ,food
Rogan Josh  ,food
Rose Barfi  ,food
Rose Ladoo  ,food
Rose Milk  ,food
Rose Sandesh  ,food
Roti  ,food
Rumali Roti  ,food
Sabudana Kheer  ,food
Sabudana Khichdi  ,food
Sabudana Vada  ,food
Saffron Rice  ,food
Sago Payasam  ,food
Saiva Meen Kulambu  ,food
Sajna Bhaja  ,food
Sajna Kheer  ,food
Sakkarai Pongal  ,food
Sakrani Halwa  ,food
Sakti Bhaji  ,food
Sakti Raita  ,food
Salad  ,food
Salad Bar  ,food
Salna  ,food
Sambhar  ,food
Samosa  ,food
Samosa Chaat  ,food
Sandesh  ,food
Sangam  ,food
Sar,food
son Da Saag  ,food
Sattu Ka Paratha  ,food
Sattu Ka Sharbat  ,food
Sattu Ki Ladoo  ,food
Saunf Sharbat  ,food
Semiya Payasam  ,food
Sev Barfi  ,food
Sev Khichdi  ,food
Sev Tameta  ,food
Sev Usal  ,food
Sevai Kheer  ,food
Seviyan,food
